{
  "project_info": {
    "project_number": "514205863902",
    "project_id": "aop-part3-chapter01-f21f5",
    "storage_bucket": "aop-part3-chapter01-f21f5.appspot.com"
  },
  "client": [
    {
      "client_info": {
        "mobilesdk_app_id": "1:514205863902:android:df7649e2c8cc29cf95174f",
        "android_client_info": {
          "package_name": "fastcampus.aop.part2.chapter01"
        }
      },
      "oauth_client": [
        {
          "client_id": "514205863902-0nonbbderluqm93941e0ucvpcrko91bu.apps.googleusercontent.com",
          "client_type": 3
        }
      ],
      "api_key": [
        {
          "current_key": "AIzaSyAXFkC2kKDp9fTZHICO9quUy1AnKm8ChXc"
        }
      ],
      "services": {
        "appinvite_service": {
          "other_platform_oauth_client": [
            {
              "client_id": "514205863902-0nonbbderluqm93941e0ucvpcrko91bu.apps.googleusercontent.com",
              "client_type": 3
            }
          ]
        }
      }
    }
  ],
  "configuration_version": "1"
}